,PM2.5,PM10,NO2,SO2,CO,O3
2019-01-01,30.477083,18.0,8.416667,0.6625,0.477667,0.035412
2019-01-02,5.764673999999999,18.0,18.217647,0.754167,0.55,0.029471
2019-01-03,8.454167,22.0,18.270833,0.725,0.56725,0.026882
2019-01-04,11.59375,28.0,18.1625,0.740909,0.533333,0.031882
2019-01-05,11.69375,24.0,17.983333,0.683333,0.408333,0.034765
2019-01-06,8.0375,14.0,14.208333,0.733333,0.431375,0.037118
2019-01-07,7.204167,22.0,24.8875,0.829167,0.608333,0.038412
2019-01-08,8.495644,24.0,27.320833,0.883333,0.853458,0.030176
2019-01-09,9.7145835,23.0,21.605882,0.766667,0.495833,0.032412
2019-01-10,10.1490035,25.0,14.995833,0.826087,0.233333,0.038176
2019-01-11,7.851902,21.0,14.958333,0.83,0.387208,0.041941
2019-01-12,7.333333,20.0,15.225,0.783333,0.534875,0.038353
2019-01-13,5.987500000000001,12.0,15.7375,0.745833,0.541667,0.028412
2019-01-14,14.1,25.0,16.725,0.783333,0.270833,0.034471
2019-01-15,13.9854165,27.0,14.419048,0.858333,0.229167,0.035294
2019-01-16,11.375,23.0,13.975,0.879167,0.275,0.034647
2019-01-17,10.100000000000001,23.0,21.066667,0.908333,0.649042,0.033294
2019-01-18,11.977083499999999,28.0,26.9625,0.920833,0.679167,0.048412
2019-01-19,11.0166665,23.0,23.241667,0.933333,1.15,0.035941
2019-01-20,7.600833,18.0,17.945833,0.845833,0.308333,0.029647
2019-01-21,7.725,17.0,11.4125,0.933333,0.311542,0.038118
2019-01-22,7.555706499999999,28.0,13.177778,0.945455,0.363375,0.041706
2019-01-23,8.8104165,35.0,13.625,0.9,0.39475,0.037706
2019-01-24,8.825,24.0,11.325,0.883333,0.295833,0.025529
2019-01-25,6.7854165,19.0,10.1625,0.9375,0.274333,0.032294
2019-01-26,7.302753500000001,11.0,17.933333,0.9625,0.302375,0.027294
2019-01-27,6.5625,14.0,11.4,0.916667,0.35,0.034765
2019-01-28,5.2608695,8.0,9.261111,1.008333,0.204625,0.034588
2019-01-29,6.5458335000000005,16.0,21.2375,1.1,0.309571,0.032588
2019-01-30,9.331703000000001,21.0,23.479167,1.079167,0.508333,0.038882
2019-01-31,7.849130499999999,19.0,28.966667,1.014286,0.451917,0.041353
2019-02-01,8.54375,18.0,23.725,1.011765,0.588125,0.040882
2019-02-02,7.5770835,18.0,21.495833,1.10625,0.708042,0.032765
2019-02-03,8.29375,10.0,15.183333,1.135714,0.595833,0.027412
2019-02-04,9.056431499999999,14.0,13.558333,1.142105,0.389542,0.028706
2019-02-05,8.364583,14.0,21.516667,1.154545,0.5305,0.040294
2019-02-06,8.633333499999999,13.0,26.725,1.2,0.691667,0.047941
2019-02-07,7.495833,13.0,23.1625,1.220833,0.554167,0.038824
2019-02-08,7.9270835,11.0,21.979167,1.2625,0.593292,0.035176
2019-02-09,7.0035325,11.0,13.370833,1.220833,0.479167,0.033118
2019-02-10,6.362500000000001,16.0,9.208333,1.220833,0.379167,0.033706
2019-02-11,7.204438,22.0,12.325,1.254167,0.456083,0.027706
2019-02-12,8.241666500000001,21.0,13.883333,1.290476,0.500682,0.019471
2019-02-13,4.407738,7.0,15.483333,1.313636,0.3625,0.037647
2019-02-14,6.6809525,19.0,16.383333,1.3,0.4415,0.039
2019-02-15,8.613315,20.0,21.895833,1.341667,0.529167,0.034706
2019-02-16,8.826902,19.0,18.745833,1.358333,0.541667,0.030824
2019-02-17,8.6895835,13.0,14.733333,1.379167,0.819375,0.024765
2019-02-18,10.585416500000001,20.0,15.145833,1.416667,0.579167,0.021647
2019-02-19,8.516667,22.0,13.254167,1.383333,0.516667,0.025294
2019-02-20,9.0729165,23.0,10.725,1.454167,0.466458,0.021118
2019-02-21,7.491667,22.0,11.766667,1.470833,0.4625,0.020765
2019-02-22,8.3772645,20.0,13.954167,1.495833,0.579542,0.021765
2019-02-23,8.06875,21.0,11.295833,1.454167,0.591292,0.021882
2019-02-24,10.7229165,24.0,11.391667,1.4625,0.529167,0.022118
2019-02-25,11.647916500000001,41.0,11.31875,1.5,0.405792,0.042824
2019-02-26,10.314583500000001,29.0,13.845833,1.5,0.421474,0.035235
2019-02-27,7.283151999999999,15.0,14.066667,1.566667,0.419625,0.019706
2019-02-28,7.3992425,18.0,14.170833,1.533333,0.352083,0.043294
2019-03-01,10.741667,21.0,25.166667,1.616667,0.747417,0.036529
2019-03-02,9.691666999999999,17.0,19.5375,1.566667,0.716667,0.027824
2019-03-03,6.9166665,12.0,10.854167,1.570833,0.641667,0.017588
2019-03-04,9.627083,16.0,15.245833,1.6875,0.245833,0.020235
2019-03-05,16.441667,26.0,10.591667,1.645833,0.228042,0.028294
2019-03-06,6.8104165000000005,22.0,10.066667,1.7,0.2875,0.045824
2019-03-07,8.562047,23.0,17.75,0.9,0.414333,0.049353
2019-03-08,9.153985500000001,26.0,21.341667,0.9,0.520833,0.044235
2019-03-09,8.1104165,21.0,13.4625,0.9,0.558333,0.034059
2019-03-10,7.475,17.0,12.333333,0.9,0.504167,0.032647
2019-03-11,7.940398500000001,17.0,17.5,0.908333,0.639958,0.022882
2019-03-12,10.526812,28.0,13.170833,0.9,0.483333,0.037059
2019-03-13,7.4541664999999995,30.0,14.95,0.9,0.43925,0.045471
2019-03-14,9.552989,32.0,15.170833,0.9,0.441792,0.043706
2019-03-15,9.0119565,22.0,20.675,0.895833,0.570333,0.042176
2019-03-16,7.7916665,19.0,20.820833,0.9,0.633333,0.035412
2019-03-17,9.39375,17.0,12.1375,0.9,0.475125,0.041588
2019-03-18,8.3729165,27.0,15.035294,0.9,0.354167,0.041182
2019-03-19,6.7800595,12.0,18.854167,0.9,0.395125,0.041235
2019-03-20,6.192935,13.0,12.745833,0.895833,0.335042,0.043588
2019-03-21,12.277083000000001,23.0,13.225,0.9,0.245833,0.052235
2019-03-22,16.479167,26.0,15.0625,0.9625,0.439,0.051706
2019-03-23,13.1625,20.0,16.6,0.945833,0.541667,0.063824
2019-03-24,11.6729165,17.0,13.325,0.9,0.566667,0.055412
2019-03-25,11.3160715,22.0,24.4875,0.904167,0.63175,0.033059
2019-03-26,11.061742500000001,24.0,16.411111,0.9,0.45,0.046154
2019-03-27,11.070833,28.0,12.970833,0.9,0.279167,0.049412
2019-03-28,7.6755435,25.0,15.7,0.9,0.345458,0.048882
2019-03-29,6.8541665,23.0,20.958333,0.9,0.475125,0.048882
2019-03-30,6.9958335,17.0,19.733333,0.9,0.605,0.044471
2019-03-31,6.731249999999999,12.0,16.920833,0.9,0.529167,0.037235
2019-04-01,7.7451989999999995,18.0,20.675,0.971429,0.475,0.036176
2019-04-02,11.074638,26.0,18.175,1.029167,0.449167,0.033529
2019-04-03,8.7397645,26.0,16.9875,0.9,0.479167,0.045765
2019-04-04,8.666667,19.0,16.5625,0.9,0.448864,0.036941
2019-04-05,8.78125,19.0,20.758333,0.941667,0.622042,0.029529
2019-04-06,8.31875,21.0,16.279167,0.9125,0.725,0.030706
2019-04-07,6.5354165,14.0,7.904167,0.9,0.475,0.026529
2019-04-08,6.7333335000000005,29.0,13.583333,1.016667,0.487792,0.024647
2019-04-09,6.9655795000000005,17.0,17.1125,0.970833,0.445833,0.027059
2019-04-10,7.2391305,16.0,19.275,1.020833,0.2125,0.040294
2019-04-11,7.798106,19.0,23.5625,1.05,0.506667,0.045176
2019-04-12,8.4416665,18.0,23.0,1.1,0.629167,0.031118
2019-04-13,6.1895835,15.0,15.0125,1.058333,0.558333,0.031471
2019-04-14,8.841667000000001,23.0,9.945833,1.033333,0.504167,0.025176
2019-04-15,9.022916500000001,27.0,12.7625,1.195455,0.298792,0.05
2019-04-16,8.6125,32.0,25.966667,1.2125,0.558333,0.058529
2019-04-17,8.6666665,30.0,24.254167,1.220833,0.521292,0.049294
2019-04-18,11.747826,24.0,15.841667,1.225,0.508333,0.027765
2019-04-19,8.002083500000001,24.0,13.554167,1.208333,0.4125,0.034941
2019-04-20,6.8375,18.0,18.004167,1.204167,0.204167,0.044588
2019-04-21,7.88125,13.0,18.8375,1.2875,0.577417,0.054176
2019-04-22,9.733605,20.0,25.833333,1.266667,0.595833,0.056529
2019-04-23,8.391848,22.0,26.558333,1.295833,0.512042,0.049353
2019-04-24,7.8082425,16.0,26.670833,1.345833,0.553458,0.047471
2019-04-25,10.3853755,17.0,23.266667,1.395833,0.5575,0.033706
2019-04-26,9.360417,18.0,12.004167,1.383333,0.366667,0.036941
2019-04-27,9.33125,21.0,12.204167,1.329167,0.452917,0.050059
2019-04-28,10.95,20.0,14.466667,1.3875,0.604167,0.041588
2019-04-29,10.2267625,21.0,16.304348,1.419048,0.545833,0.034882
2019-04-30,5.698024,20.0,11.858333,1.383333,0.408333,0.034643
2019-05-01,6.83125,24.0,11.183333,1.383333,0.3625,0.036529
2019-05-02,7.7736745,17.0,23.504167,1.383333,0.49019,0.030647
2019-05-03,8.747916499999999,23.0,19.083333,1.566667,0.628542,0.020294
2019-05-04,8.5,20.0,12.829167,1.529167,0.6625,0.017941
2019-05-05,8.23125,19.0,12.466667,1.520833,0.6,0.022882
2019-05-06,8.679167,27.0,22.231579,1.6125,0.629417,0.018882
2019-05-07,9.8854165,23.0,20.141667,1.645833,0.770833,0.027824
2019-05-08,9.3475545,21.0,16.916667,1.595833,0.55,0.024412
2019-05-09,7.4583335,17.0,13.920833,1.629167,0.476208,0.022412
2019-05-10,6.7214675,16.0,15.358333,1.6375,0.556708,0.023471
2019-05-11,5.7416665,13.0,11.854167,1.641667,0.603958,0.021
2019-05-12,7.210145,16.0,11.825,1.683333,0.5375,0.023647
2019-05-13,10.0653985,17.0,15.579167,1.790476,0.404167,0.026176
2019-05-14,8.2875,18.0,10.95,1.875,0.295833,0.031941
2019-05-15,10.435417,23.0,20.4,1.8375,0.294667,0.044588
2019-05-16,7.4020835,22.0,22.470833,1.8125,0.6,0.048529
2019-05-17,7.9940215,22.0,25.295833,1.816667,0.598042,0.046059
2019-05-18,8.9645835,18.0,15.704167,1.770833,0.583333,0.036706
2019-05-19,6.933333,13.0,11.408333,1.775,0.55,0.038706
2019-05-20,5.949999999999999,14.0,19.064706,1.825,0.508333,0.041125
2019-05-21,6.9583335,18.0,19.133333,1.941667,0.516667,0.037
2019-05-22,8.3458335,20.0,18.341667,1.9125,0.5,0.0415
2019-05-23,7.3,27.0,12.754167,1.895833,0.4125,0.0464
2019-05-24,10.7354165,34.0,16.679167,1.889474,0.4675,0.050824
2019-05-25,16.50625,30.0,11.5375,1.9125,0.492167,0.049706
2019-05-26,11.929166500000001,23.0,9.029167,1.945833,0.516917,0.040176
2019-05-27,10.022917,19.0,9.995833,1.991667,0.5125,0.043824
2019-05-28,9.452941,21.0,20.320833,2.05,0.516667,0.044647
2019-05-29,14.3357145,26.0,14.96,2.083333,0.558333,0.032824
2019-05-30,9.066667,18.0,15.025,2.120833,0.541667,0.023412
2019-05-31,7.9604170000000005,16.0,11.966667,2.195238,0.561583,0.016882
2019-06-01,6.4270835,13.0,13.345833,2.233333,0.5,0.027294
2019-06-02,5.9350545,11.0,11.1,2.266667,0.465333,0.022412
2019-06-03,7.642029,14.0,12.941176,2.4,0.440292,0.025941
2019-06-04,8.435416499999999,17.0,14.0375,2.333333,0.491667,0.0202
2019-06-05,6.534191,14.0,13.779167,2.366667,0.568708,0.020588
2019-06-06,5.69375,15.0,14.778947,2.352381,0.522222,0.017588
2019-06-07,5.5416665,15.0,15.404167,2.425,0.475083,0.018176
2019-06-08,10.529167,16.0,16.133333,2.3875,0.623375,0.0235
2019-06-09,8.6875,24.0,13.25,2.379167,0.754167,0.015824
2019-06-10,9.029167000000001,23.0,16.547368,2.5375,0.611111,0.022
2019-06-11,9.9928445,19.0,19.229167,2.570833,0.6035,0.020941
2019-06-12,15.208062000000002,17.0,17.508333,2.7125,0.717333,0.017118
2019-06-13,7.75625,16.0,14.516667,2.566667,0.625,0.021059
2019-06-14,6.3791665,15.0,16.904167,2.575,0.51125,0.027471
2019-06-15,5.4875,15.0,14.816667,2.570833,0.679167,0.021706
2019-06-16,4.293749999999999,10.0,12.391667,2.5625,0.525,0.024235
2019-06-17,5.273913,15.0,17.466667,2.683333,0.533333,0.024
2019-06-18,6.085688,14.0,19.195833,2.808333,0.560833,0.021
2019-06-19,7.570833,26.0,20.558333,2.845833,0.810375,0.014824
2019-06-20,13.1770835,40.0,12.104167,2.841667,0.654167,0.017412
2019-06-21,19.950000000000003,50.0,13.404167,2.825,0.491833,0.023588
2019-06-22,21.725,49.0,12.716667,2.770833,0.515792,0.027176
2019-06-23,20.3791665,46.0,11.7125,2.829167,0.566667,0.029471
2019-06-24,23.6698865,44.0,12.6375,2.92,0.518625,0.039706
2019-06-25,30.06875,40.0,11.775,2.929167,0.571042,0.046706
2019-06-26,23.7729165,48.0,19.675,2.9125,0.545833,0.035412
2019-06-27,16.616032500000003,37.0,14.204167,2.895833,0.462696,0.033118
2019-06-28,11.0251815,30.0,13.1,2.9375,0.5125,0.023471
2019-06-29,6.4916665,18.0,12.070833,2.945833,0.5345,0.020235
2019-06-30,6.4979165000000005,16.0,11.729167,2.979167,0.55,0.018824
2019-07-01,7.0052535,15.0,15.558333,3.0875,0.434375,0.030647
2019-07-02,8.3,18.0,13.4,3.075,0.426167,0.04
2019-07-03,11.75625,19.0,24.516667,3.116667,0.605417,0.039412
2019-07-04,15.8583335,22.0,12.920833,3.133333,0.625,0.030118
2019-07-05,13.193750000000001,29.0,13.533333,3.142857,0.570042,0.022941
2019-07-06,11.991667,31.0,15.658333,3.158333,0.571708,0.019353
2019-07-07,12.4229165,29.0,13.5,3.2125,0.608333,0.021294
2019-07-08,10.377083500000001,20.0,16.570833,3.329167,0.504167,0.027235
2019-07-09,11.265,19.0,14.670833,3.35,0.440455,0.029882
2019-07-10,11.620833,19.0,17.3375,3.4125,0.520875,0.026118
2019-07-11,8.6125,15.0,18.2875,3.381818,0.513583,0.028176
2019-07-12,14.889855,34.0,19.079167,3.4,0.617542,0.024941
2019-07-13,18.5083335,49.0,9.579167,3.395833,0.6125,0.016353
2019-07-14,24.7625,74.0,5.383333,3.433333,0.475,0.015706
2019-07-15,15.349366,40.0,9.083333,3.508333,0.470833,0.017529
2019-07-16,6.827083,15.0,12.916667,3.570833,0.5,0.023882
2019-07-17,8.214583000000001,20.0,13.647059,3.583333,0.513042,0.022765
2019-07-18,13.1041665,32.0,14.045833,3.566667,0.516667,0.023824
2019-07-19,8.4645835,20.0,13.675,3.620833,0.533208,0.024059
2019-07-20,7.7979165,19.0,14.808333,3.625,0.594083,0.025
2019-07-21,7.43125,18.0,9.329167,3.6625,0.5,0.022824
2019-07-22,7.993206499999999,19.0,13.5375,3.708333,0.416667,0.024941
2019-07-23,7.5645835,17.0,15.9375,3.795238,0.332083,0.019
2019-07-24,9.8325755,18.0,11.720833,3.85,0.295833,0.022176
2019-07-25,7.76875,17.0,21.083333,3.870833,0.459458,0.025412
2019-07-26,8.881250000000001,20.0,21.075,3.925,0.65,0.027941
2019-07-27,8.147916500000001,17.0,17.370833,3.870833,0.608042,0.022706
2019-07-28,7.409091,15.0,16.675,3.920833,0.491667,0.021706
2019-07-29,9.765308000000001,21.0,26.8375,4.045833,0.566667,0.030235
2019-07-30,6.804167,18.0,15.294444,4.033333,0.529417,0.023294
2019-07-31,7.9117425,19.0,14.2875,4.058333,0.511111,0.022765
2019-08-01,8.0809785,18.0,15.645833,4.058333,0.520833,0.025118
2019-08-02,7.239583,13.0,16.929167,4.042857,0.523917,0.025529
2019-08-03,6.86875,11.0,13.704167,4.095833,0.504167,0.018588
2019-08-04,7.63625,13.0,13.783333,4.166667,0.508333,0.016118
2019-08-05,8.664583499999999,21.0,19.5375,4.270833,0.592458,0.013588
2019-08-06,9.6625,23.0,16.858333,4.395833,0.645833,0.0242
2019-08-07,11.9,28.0,16.054167,4.345833,0.57,0.019375
2019-08-08,10.704891499999999,21.0,16.4,4.3875,0.604167,0.018235
2019-08-09,9.4229165,18.0,14.1125,4.171429,0.502542,0.019941
2019-08-10,8.80625,17.0,10.141667,3.966667,0.391667,0.016941
2019-08-11,8.675,13.0,11.404167,4.066667,0.273667,0.016588
2019-08-12,8.6458335,15.0,12.0625,4.2,0.462708,0.016176
2019-08-13,6.9979165000000005,14.0,13.225,4.41,0.4875,0.026471
2019-08-14,8.6553445,15.0,19.666667,1.016667,0.644444,0.025824
2019-08-15,11.7854165,16.0,18.225,1.2,0.580292,0.026059
2019-08-16,8.429801,18.0,15.766667,1.379167,0.580417,0.023529
2019-08-17,10.7916665,19.0,16.245833,1.416667,0.709542,0.028176
2019-08-18,20.239583500000002,50.0,10.333333,1.4875,0.620833,0.020059
2019-08-19,11.583712,51.0,12.054167,1.583333,0.458333,0.027529
2019-08-20,7.2395835,22.0,15.570833,1.645833,0.485875,0.032294
2019-08-21,7.11875,16.0,17.154167,1.708333,0.5375,0.024941
2019-08-22,7.4822915000000005,19.0,13.633333,1.725,0.488292,0.021647
2019-08-23,5.6583335,16.0,14.375,1.709524,0.558375,0.023412
2019-08-24,5.9545835,10.0,13.3875,1.795833,0.4875,0.018471
2019-08-25,8.8625,11.0,11.904167,1.854167,0.369292,0.018
2019-08-26,9.538541500000001,17.0,16.9375,2.058333,0.4,0.013118
2019-08-27,7.612500000000001,17.0,14.731579,2.0625,0.444125,0.022353
2019-08-28,7.0020835,19.0,9.075,2.095833,0.4,0.035824
2019-08-29,9.929734499999999,19.0,22.4375,2.1,0.520833,0.035176
2019-08-30,9.015909,,19.43,2.083333,0.4535,0.023294
2019-08-31,4.6,,,1.066667,0.1,
2019-09-01,,,,,0.128,
2019-09-02,,,,,,
2019-09-03,5.3,,,,,0.025182
2019-09-04,4.675,,,1.1,0.1,0.019533
2019-09-05,4.6854165000000005,,8.928571,1.0875,0.2,0.023273
2019-09-06,10.9609845,,11.295833,1.070833,0.217042,0.038176
2019-09-07,12.564583500000001,21.0,10.075,1.0875,0.454,0.038529
2019-09-08,6.916938,12.0,5.429167,1.1,0.472458,0.020118
2019-09-09,9.602222000000001,19.0,7.029167,1.0875,0.475,0.015882
2019-09-10,6.8645835,22.0,4.654167,1.441667,0.441667,0.022647
2019-09-11,9.802083,33.0,5.45,1.770833,0.405708,0.038941
2019-09-12,9.595832999999999,30.0,12.283333,1.978261,0.413583,0.024235
2019-09-13,7.3679165,23.0,9.591667,2.133333,0.378,0.026353
2019-09-14,7.5772945,18.0,11.5,2.283333,0.445833,0.022647
2019-09-15,9.923392,13.0,9.35,2.420833,0.145833,0.023706
2019-09-16,6.8645835,19.0,9.7,2.591667,0.213542,0.027353
2019-09-17,9.282639,23.0,10.754167,2.616667,0.321609,0.042647
2019-09-18,11.839394,31.0,14.029167,2.65,0.425,0.041412
2019-09-19,8.8779165,37.0,12.4625,1.1,0.395833,0.035059
2019-09-20,9.701449,33.0,9.183333,1.241667,0.366667,0.034412
2019-09-21,9.125634,30.0,5.929167,1.533333,0.358333,0.034765
2019-09-22,9.51625,26.0,5.133333,1.708333,0.333333,0.035353
2019-09-23,7.654166999999999,29.0,12.870588,1.8125,0.41725,0.034647
2019-09-24,8.0439315,21.0,17.854167,1.833333,0.436083,0.035077
2019-09-25,8.094649,19.0,16.7125,1.983333,0.445833,0.036118
2019-09-26,10.920199,23.0,17.141667,2.045833,0.513167,0.034824
2019-09-27,8.368749999999999,17.0,14.3,2.125,0.502583,0.027059
2019-09-28,10.525,16.0,8.5,2.175,0.5125,0.025765
2019-09-29,8.2604165,17.0,6.670833,2.256522,0.395833,0.036941
2019-09-30,11.114583,31.0,10.854167,2.355,0.365292,0.039941
2019-10-01,8.2645835,33.0,10.9375,2.309524,0.344857,0.036471
2019-10-02,7.8125,22.0,10.454167,2.3875,0.392875,0.029235
2019-10-03,6.980344499999999,19.0,12.645833,2.470833,0.442,0.032118
2019-10-04,7.265909000000001,16.0,12.395833,2.566667,0.522375,0.021471
2019-10-05,5.80625,15.0,8.129167,2.595833,0.491667,0.021059
2019-10-06,6.8541665,16.0,6.595833,2.654167,0.383333,0.028647
2019-10-07,8.2975,12.0,12.0875,2.67,0.425,0.026235
2019-10-08,6.70625,11.0,10.6,1.2,0.295833,0.025412
2019-10-09,5.702083,12.0,13.475,1.841667,0.285042,0.020882
2019-10-10,5.5979165,15.0,14.85,1.945833,0.366542,0.030941
2019-10-11,6.672727500000001,18.0,13.8625,2.058333,0.418208,0.035824
2019-10-12,6.9791665,16.0,10.5125,2.141667,0.444,0.040471
2019-10-13,6.260417,17.0,9.454167,2.204167,0.454167,0.034471
2019-10-14,5.875,16.0,18.066667,2.341667,0.529167,0.036706
2019-10-15,7.6958335,17.0,20.170833,2.4,0.55,0.034412
2019-10-16,8.0839675,14.0,12.65,1.108333,0.379167,0.021412
2019-10-17,9.490398500000001,18.0,11.320833,1.1,0.327042,0.019706
2019-10-18,11.425,17.0,17.804167,1.104167,0.635,0.028588
2019-10-19,9.158333500000001,15.0,10.783333,1.095833,0.524167,0.021647
2019-10-20,10.04625,15.0,13.820833,1.095833,0.245833,0.021176
2019-10-21,10.583333499999998,16.0,14.376471,1.1125,0.557917,0.017941
2019-10-22,7.95168,14.0,13.816667,1.108333,0.566667,0.018235
2019-10-23,9.5522645,15.0,12.6875,1.108333,0.508333,0.020471
2019-10-24,7.5214015,18.0,8.170833,1.1,0.4125,0.019529
2019-10-25,10.19375,21.0,9.458333,1.1,0.41625,0.027
2019-10-26,6.6486415,13.0,13.383333,1.1,0.597125,0.022412
2019-10-27,6.355525,11.0,10.625,1.1,0.645833,0.020824
2019-10-28,6.9475545,15.0,14.808333,1.105882,0.579167,0.024941
2019-10-29,7.5791664999999995,16.0,11.470833,1.1,0.453333,0.022941
2019-10-30,6.0270835,13.0,11.154167,1.1,0.107,0.021647
2019-10-31,6.606975,14.0,15.525,1.1,0.14475,0.022588
2019-11-01,6.7479165000000005,16.0,15.141667,1.1,0.191667,0.035235
2019-11-02,7.384659,14.0,14.5375,1.1,0.148333,0.034765
2019-11-03,9.444886499999999,11.0,11.525,1.1,0.122417,0.035235
2019-11-04,6.791848,14.0,13.7,1.1,0.143792,0.037176
2019-11-05,9.867028999999999,17.0,11.608333,1.1,0.139042,0.030588
2019-11-06,10.4309525,24.0,9.954167,1.104167,0.475,0.029353
2019-11-07,6.30625,22.0,14.25,1.1,0.486667,0.027647
2019-11-08,7.6777175,25.0,19.45,1.1,0.51925,0.029059
2019-11-09,5.429167,18.0,12.191667,1.1,0.375,0.040824
2019-11-10,5.467803,18.0,10.520833,1.116667,0.441667,0.043529
2019-11-11,6.5674814999999995,19.0,19.754167,1.1,0.49475,0.042706
2019-11-12,9.4091485,26.0,20.325,1.134783,0.470833,0.035294
2019-11-13,7.840809,54.0,12.978947,1.114286,0.325125,0.034471
2019-11-14,7.435688,21.0,18.541667,1.104167,0.545625,0.036588
2019-11-15,12.685416499999999,18.0,17.433333,1.133333,0.620833,0.026471
2019-11-16,5.35,12.0,12.470833,1.1,0.2,0.031706
2019-11-17,7.074999999999999,12.0,10.583333,1.1,0.195833,0.027588
2019-11-18,9.784226,20.0,16.454167,1.116667,0.416417,0.03
2019-11-19,11.3375,22.0,22.633333,1.133333,0.55,0.045882
2019-11-20,13.0625,32.0,21.245833,1.1625,0.409875,0.043765
2019-11-21,12.419565,27.0,21.708333,1.129167,0.452542,0.047647
2019-11-22,11.1666665,23.0,28.6875,1.138095,0.661625,0.041412
2019-11-23,10.5604165,23.0,22.441667,1.145833,0.829167,0.036824
2019-11-24,7.83125,15.0,21.333333,1.1,0.325,0.028118
2019-11-25,10.600000000000001,21.0,17.341667,1.12,0.2935,0.027941
2019-11-26,11.8895835,27.0,31.047619,1.191304,0.694167,0.049294
2019-11-27,14.522916500000001,30.0,35.329167,1.166667,1.092,0.044412
2019-11-28,15.4272725,21.0,18.270833,1.116667,0.879167,0.033412
2019-11-29,15.25625,24.0,14.608333,1.1,0.452083,0.041706
2019-11-30,7.7229165,20.0,19.070833,1.141667,0.620375,0.040235
2019-12-01,8.4229165,16.0,15.641667,1.141667,0.558333,0.033059
2019-12-02,7.385417,21.0,15.683333,1.108333,0.2125,0.033706
2019-12-03,9.5729165,19.0,15.3,1.1625,0.333381,0.029882
2019-12-04,12.228714,26.0,25.325,1.2,0.540125,0.035412
2019-12-05,14.3365945,32.0,19.633333,1.241667,0.470833,0.037647
2019-12-06,16.0270835,25.0,26.758333,1.204167,0.715,0.037588
2019-12-07,14.01875,27.0,24.891667,1.2125,0.7875,0.039
2019-12-08,9.5041665,19.0,16.791667,1.183333,0.6,0.043176
2019-12-09,7.6376225,21.0,22.016667,1.2125,0.618083,0.034353
2019-12-10,8.7486415,33.0,18.65,1.114286,0.534458,0.028059
2019-12-11,8.404167,26.0,18.879167,1.130769,0.5625,0.023176
2019-12-12,6.410417000000001,20.0,17.741667,1.107143,0.47125,0.029647
2019-12-13,6.675947000000001,18.0,17.725,1.116667,0.457667,0.026529
2019-12-14,7.6843295000000005,17.0,17.725,1.104167,0.279167,0.028118
2019-12-15,7.780616,14.0,12.458333,1.120833,0.419625,0.040588
2019-12-16,9.90625,30.0,14.444444,1.1,0.458333,0.031
2019-12-17,8.3,27.0,14.775,1.108333,0.4565,0.024
2019-12-18,6.2,19.0,11.97619,1.125,0.316667,0.021588
2019-12-19,7.847011,20.0,12.4125,1.1,0.325208,0.042154
2019-12-20,8.21875,28.0,11.8625,1.1,0.356292,0.042176
2019-12-21,9.1417575,27.0,11.654167,1.1,0.3725,0.041176
2019-12-22,6.9520835000000005,27.0,8.7375,1.1,0.395833,0.037
2019-12-23,5.310688000000001,13.0,15.964706,1.104762,0.291667,0.037583
2019-12-24,6.5520835,15.0,10.495833,1.1,0.2,0.032
2019-12-25,8.20625,14.0,6.458333,1.104167,0.313583,0.036765
2019-12-26,7.166214,25.0,11.1625,1.1,0.404167,0.035588
2019-12-27,6.4134055,19.0,12.391667,1.1,0.41775,0.035
2019-12-28,6.7770835,27.0,9.3125,1.1,0.433333,0.035471
2019-12-29,8.3541665,32.0,12.504167,1.1,0.4,0.039471
2019-12-30,9.635779,32.0,22.09375,1.129167,0.621875,0.024824
2019-12-31,13.405492500000001,23.0,14.975,1.116667,0.429167,0.03275
2020-01-01,26.1916665,38.0,19.583333,1.216667,0.501375,0.045353
2020-01-02,12.08125,18.0,25.125,1.180952,0.704167,0.038765
2020-01-03,7.7083335,23.0,17.045833,1.1,0.585,0.025471
2020-01-04,7.03125,18.0,12.85,1.108333,0.354167,0.029882
2020-01-05,5.697917,15.0,8.329167,1.145833,0.229542,0.037765
2020-01-06,6.5022645,17.0,15.270833,1.1375,0.331125,0.036
2020-01-07,7.8708335,20.0,21.53,1.15,0.303875,0.037765
2020-01-08,8.725,24.0,16.129167,1.104167,0.4,0.047467
2020-01-09,8.8992425,31.0,10.875,1.108696,0.3625,0.043176
2020-01-10,12.100000000000001,39.0,10.5125,1.1,0.361292,0.036824
2020-01-11,13.0458335,35.0,10.358333,1.1,0.418792,0.030471
2020-01-12,12.7916665,36.0,11.275,1.1,0.45,0.035059
2020-01-13,10.460417,33.0,12.629412,1.1,0.433958,0.035294
2020-01-14,10.0625,39.0,16.7625,1.1,0.463136,0.039765
2020-01-15,6.5833335,25.0,23.3875,1.14,0.546417,0.040118
2020-01-16,8.975567999999999,22.0,24.675,1.154167,0.712417,0.038059
2020-01-17,9.054166500000001,29.0,15.4625,1.120833,0.504167,0.041882
2020-01-18,9.9208335,31.0,10.395833,1.1,0.432708,0.043235
2020-01-19,8.957336999999999,21.0,13.458333,1.108333,0.4625,0.035529
2020-01-20,8.954167,23.0,10.929167,1.1,0.3,0.037765
2020-01-21,9.9895835,29.0,9.133333,1.12,0.216667,0.039412
2020-01-22,11.7354165,28.0,8.820833,1.145833,0.2,0.032353
2020-01-23,9.189583500000001,19.0,13.370833,1.1125,0.339167,0.035588
2020-01-24,8.2708335,20.0,25.279167,1.1125,0.625458,0.032235
2020-01-25,10.895833,24.0,18.7,1.120833,0.408333,0.034765
2020-01-26,8.1625,15.0,17.445833,1.170833,0.3875,0.039
2020-01-27,10.7125,25.0,22.866667,1.175,0.435667,0.032353
2020-01-28,11.875,26.0,16.166667,1.129167,0.6375,0.038412
2020-01-29,9.7113095,22.0,22.654167,1.120833,0.325,0.035471
2020-01-30,9.4833335,21.0,13.666667,1.1125,0.358917,0.035294
2020-01-31,13.383333499999999,30.0,19.129167,1.1375,0.558333,0.041588
2020-02-01,6.7229165,11.0,15.183333,1.1,0.283333,0.028471
2020-02-02,8.3791665,14.0,13.316667,1.116667,0.316458,0.032235
2020-02-03,9.985714,20.0,14.961905,1.1625,0.590846,0.046706
2020-02-04,12.222282499999999,32.0,14.616667,1.185714,0.972727,0.042235
2020-02-05,10.03125,18.0,8.175,1.1375,0.75,0.033588
2020-02-06,11.6383925,29.0,5.904167,1.104167,0.4875,0.028412
2020-02-07,10.7979165,28.0,18.35,1.1,0.220833,0.037765
2020-02-08,8.560416499999999,22.0,10.9875,1.104167,0.405,0.044882
2020-02-09,6.8145835,20.0,4.929167,1.110526,0.3875,0.040571
2020-02-10,9.221558,26.0,11.7625,1.1,0.414455,0.033
2020-02-11,8.9242425,23.0,15.15,1.116667,0.519292,0.025059
2020-02-12,10.0604165,25.0,11.925,1.133333,0.524583,0.026235
2020-02-13,16.71875,39.0,12.79,1.1,0.5,0.029529
2020-02-14,13.908333500000001,27.0,19.791667,1.133333,0.553625,0.032882
2020-02-15,6.9583335,16.0,8.4625,1.133333,0.3875,0.037176
2020-02-16,6.45322,14.0,9.120833,1.120833,0.439,0.025882
2020-02-17,8.680435,17.0,18.6125,1.154167,0.641125,0.025353
2020-02-18,7.5166665,18.0,12.9375,1.121053,0.479167,0.026412
2020-02-19,7.3791665,19.0,17.183333,1.120833,0.554,0.025235
2020-02-20,8.041667,18.0,15.6125,1.15,0.5125,0.021706
2020-02-21,5.3916664999999995,16.0,8.558333,1.1,0.170833,0.035
2020-02-22,7.341667,18.0,10.526316,1.120833,0.327833,0.043176
2020-02-23,4.63125,12.0,8.404167,1.116667,0.408458,0.046882
2020-02-24,8.2854165,17.0,9.309524,1.133333,0.497292,0.044235
2020-02-25,9.79375,20.0,23.5,1.158333,0.587167,0.036412
2020-02-26,8.4833335,18.0,16.329167,1.133333,0.583333,0.031647
2020-02-27,9.485417,16.0,12.708333,1.170833,0.23275,0.040706
2020-02-28,9.660416999999999,20.0,13.835714,1.225,0.236875,0.044059
2020-02-29,12.10625,21.0,18.683333,1.25,0.372458,0.043941
2020-03-01,7.9604165,15.0,11.15,1.2,0.466667,0.049353
2020-03-02,8.274003500000001,28.0,21.358333,1.2,0.450625,0.046059
2020-03-03,11.6270835,25.0,25.4875,1.2,0.567125,0.037294
2020-03-04,11.1625,30.0,22.9375,1.191667,0.6325,0.029941
2020-03-05,12.620833000000001,23.0,16.179167,1.166667,0.504167,0.032235
2020-03-06,11.16875,21.0,12.345833,1.191667,0.278792,0.039529
2020-03-07,6.79375,25.0,8.891667,1.195833,0.345833,0.046176
2020-03-08,8.054167,21.0,6.979167,1.2,0.3625,0.048353
2020-03-09,10.23279,27.0,11.041176,1.183333,0.354167,0.046
2020-03-10,10.14375,31.0,16.604167,0.6375,0.420833,0.042412
2020-03-11,8.5895835,26.0,21.0,0.604167,0.510958,0.039765
2020-03-12,8.738194499999999,26.0,21.020833,0.618182,0.483333,0.040706
2020-03-13,8.479166500000002,23.0,20.983333,0.6875,0.575125,0.034706
2020-03-14,6.514583,16.0,11.566667,0.6125,0.508208,0.033176
2020-03-15,7.0708335,15.0,10.566667,0.620833,0.545833,0.032647
2020-03-16,7.7551135,18.0,18.225,0.6875,0.491667,0.033529
2020-03-17,8.6979165,17.0,16.95,0.691667,0.440375,0.041059
2020-03-18,7.127717499999999,16.0,17.816667,0.645833,0.448542,0.039588
2020-03-19,7.845644,22.0,14.1625,0.654545,0.420833,0.037882
2020-03-20,7.601488,23.0,15.645833,0.645833,0.443875,0.036176
2020-03-21,7.4229164999999995,20.0,11.179167,0.720833,0.451583,0.037647
2020-03-22,6.376894,14.0,8.616667,0.641667,0.445833,0.035471
2020-03-23,6.7085145,19.0,19.347059,0.783333,0.495833,0.034706
2020-03-24,8.279167000000001,15.0,21.016667,0.9625,0.495833,0.030647
2020-03-25,9.975,21.0,10.420833,0.841667,0.283333,0.032353
2020-03-26,13.8479165,26.0,14.595833,0.809091,0.415286,0.037647
2020-03-27,14.0729165,26.0,21.079167,0.854167,0.583333,0.046118
2020-03-28,9.239945500000001,20.0,13.3375,0.845833,0.470833,0.040176
2020-03-29,8.08125,16.0,7.7625,0.8375,0.4125,0.023588
2020-03-30,6.9375,27.0,16.308333,0.908333,0.479417,0.027294
2020-03-31,8.152083000000001,18.0,6.5375,0.8125,0.220833,0.025176
2020-04-01,10.8875,24.0,8.979167,0.828571,0.259952,0.045353
2020-04-02,7.4270835,19.0,10.633333,0.833333,0.406667,0.056176
2020-04-03,8.7375,19.0,10.4875,0.845833,0.497083,0.055882
2020-04-04,8.689583500000001,17.0,7.879167,0.866667,0.4375,0.056118
2020-04-05,7.7583335,14.0,4.816667,0.7625,0.416292,0.049118
2020-04-06,8.68125,19.0,9.491667,0.8125,0.433333,0.043471
2020-04-07,6.9416665,16.0,16.279167,0.7,0.443583,0.037824
2020-04-08,8.1458335,15.0,15.220833,0.8375,0.420833,0.030824
2020-04-09,12.641883,19.0,10.125,0.8625,0.2,0.027647
2020-04-10,16.210145,28.0,5.9875,0.890476,0.245417,0.038118
2020-04-11,13.0479165,26.0,8.970833,0.666667,0.395833,0.046706
2020-04-12,16.6125,45.0,4.633333,0.695833,0.370833,0.031294
2020-04-13,20.909166499999998,47.0,13.204167,0.8375,0.507375,0.026647
2020-04-14,15.297917000000002,38.0,14.7875,0.9,0.542708,0.019824
2020-04-15,18.583333,33.0,11.1375,0.940909,0.4375,0.027706
2020-04-16,16.5708335,30.0,11.0,0.795833,0.343125,0.038059
2020-04-17,11.98125,28.0,14.616667,0.670833,0.487208,0.031
2020-04-18,11.445833499999999,20.0,9.558333,0.708333,0.375583,0.025118
2020-04-19,11.55,17.0,10.8,0.766667,0.575,0.025294
2020-04-20,13.254166999999999,24.0,12.554167,0.891667,0.2375,0.027412
2020-04-21,11.2854165,24.0,10.125,0.670833,0.263636,0.046353
2020-04-22,8.8104165,20.0,15.754167,0.733333,0.392625,0.059941
2020-04-23,9.32803,20.0,17.266667,0.879167,0.459792,0.042
2020-04-24,11.39375,24.0,8.6125,0.854545,0.296417,0.045235
2020-04-25,11.5479165,21.0,11.458333,0.875,0.457708,0.028059
2020-04-26,10.3375,19.0,12.233333,0.729167,0.439875,0.035059
2020-04-27,8.258333499999999,24.0,14.979167,0.691667,0.445833,0.053235
2020-04-28,6.4623185,22.0,19.479167,0.675,0.445833,0.051412
2020-04-29,8.6104165,22.0,17.113043,0.683333,0.468125,0.039471
2020-04-30,7.2270835,14.0,13.5375,0.716667,0.383333,0.034353
2020-05-01,6.877404,17.0,17.125,0.77619,0.483792,0.050706
2020-05-02,8.9504165,17.0,15.020833,0.75,0.579167,0.057941
2020-05-03,7.453409000000001,12.0,13.954167,0.720833,0.533333,0.052471
2020-05-04,6.3600545,16.0,19.163158,0.7625,0.479167,0.047471
2020-05-05,9.544345,14.0,17.6375,0.75,0.470833,0.039882
2020-05-06,7.792261999999999,15.0,9.933333,0.816667,0.2875,0.036941
2020-05-07,11.1120745,26.0,10.975,0.779167,0.318417,0.054824
2020-05-08,7.775379,20.0,24.833333,0.768182,0.547583,0.048941
2020-05-09,13.754044,23.0,12.175,0.725,0.479167,0.054235
2020-05-10,12.774999999999999,18.0,12.054167,0.7,0.45,0.046118
2020-05-11,5.8770835,16.0,11.75,0.6,0.350292,0.047824
2020-05-12,7.3145834999999995,24.0,15.620833,0.6625,0.408333,0.054294
2020-05-13,8.850000000000001,27.0,12.566667,0.6375,0.351,0.051647
2020-05-14,9.3479165,29.0,11.491667,0.629167,0.3375,0.044588
2020-05-15,7.2083335,20.0,13.183333,0.595833,0.350417,0.028706
2020-05-16,4.241667,8.0,9.391667,0.591667,0.24125,0.026765
2020-05-17,10.6763255,15.0,11.1,0.675,0.491,0.029294
2020-05-18,11.429167,22.0,12.983333,0.629167,0.508333,0.032647
2020-05-19,11.616123,21.0,8.225,0.616667,0.358333,0.026765
2020-05-20,14.279166499999999,28.0,16.808333,0.766667,0.4565,0.034235
2020-05-21,16.0594205,34.0,18.333333,0.636364,0.568,0.025111
2020-05-22,8.4270835,21.0,14.9125,0.625,0.495833,0.032706
2020-05-23,6.879762,18.0,7.104167,0.608333,0.4375,0.026471
2020-05-24,5.8479165,13.0,5.954167,0.6,0.316667,0.025765
2020-05-25,8.077083,17.0,10.316667,0.6,0.338167,0.030647
2020-05-26,12.257880499999999,17.0,17.2875,0.654167,0.433333,0.035824
2020-05-27,14.1104165,24.0,20.679167,0.616667,0.614227,0.025235
2020-05-28,10.335869500000001,27.0,12.995833,0.633333,0.583333,0.018059
2020-05-29,6.789583,19.0,11.104167,0.658333,0.483917,0.026824
2020-05-30,8.429167,30.0,10.7,0.654167,0.535917,0.030941
2020-05-31,7.9770835,18.0,10.525,0.666667,0.533333,0.028941
2020-06-01,7.458333,14.0,12.833333,0.670833,0.5125,0.030059
2020-06-02,7.441214,17.0,12.454167,0.616667,0.4235,0.034471
2020-06-03,7.695833500000001,24.0,18.5,0.616667,0.537167,0.022882
2020-06-04,8.6416665,19.0,17.516667,0.6,0.527167,0.024235
2020-06-05,10.6083335,36.0,12.425,0.629167,0.5625,0.018529
2020-06-06,10.96875,62.0,8.429167,0.670833,0.53875,0.023941
2020-06-07,12.529166499999999,60.0,8.475,0.7625,0.5375,0.024882
2020-06-08,10.0625,42.0,16.516667,0.6625,0.618875,0.023529
2020-06-09,7.696467500000001,25.0,14.625,0.6875,0.575,0.019412
2020-06-10,10.091666499999999,20.0,16.070833,0.6625,0.575773,0.028647
2020-06-11,6.0,17.0,14.720833,0.670833,0.470833,0.037059
2020-06-12,9.266576,22.0,15.279167,0.658333,0.499042,0.034471
2020-06-13,13.139583,23.0,10.283333,0.683333,0.55,0.032588
2020-06-14,8.614583,10.0,9.5375,0.616667,0.473083,0.034235
2020-06-15,5.31875,13.0,18.59375,0.633333,0.520833,0.029118
2020-06-16,6.314583000000001,17.0,16.183333,0.670833,0.425958,0.041176
2020-06-17,8.8945835,19.0,19.6,0.652381,0.49625,0.034
2020-06-18,5.43125,11.0,14.983333,0.629167,0.473417,0.020375
2020-06-19,7.5729165,19.0,15.3,0.6375,0.614792,0.019412
2020-06-20,7.352083,18.0,13.5875,0.658333,0.774458,0.020706
2020-06-21,5.9727274999999995,12.0,10.65,0.658333,0.733333,0.018706
2020-06-22,7.4520835000000005,18.0,13.066667,0.67619,0.670833,0.019941
2020-06-23,12.35625,28.0,12.754167,0.675,0.583333,0.027471
2020-06-24,15.129166999999999,38.0,13.0875,0.704167,0.483333,0.021765
2020-06-25,16.1910985,44.0,11.666667,0.679167,0.558333,0.018882
2020-06-26,8.05625,23.0,9.258333,0.704167,0.500125,0.018529
2020-06-27,11.28125,29.0,6.5875,0.679167,0.530583,0.02
2020-06-28,12.564582999999999,31.0,7.220833,0.670833,0.566667,0.022059
2020-06-29,18.106250000000003,38.0,13.916667,0.670833,0.616667,0.020471
2020-06-30,20.1520835,46.0,13.720833,0.741667,0.45,0.031118
2020-07-01,16.1645835,42.0,13.625,0.754167,0.432333,0.026824
2020-07-02,15.535416999999999,31.0,16.066667,0.770833,0.504167,0.020412
2020-07-03,10.9520835,27.0,11.329167,0.754167,0.4,0.021941
2020-07-04,35.1916665,50.0,9.758333,0.729167,0.524125,0.022706
2020-07-05,46.4458335,55.0,11.345833,0.708333,0.595833,0.025
2020-07-06,10.521648500000001,17.0,18.2125,0.525,0.624083,0.020353
2020-07-07,9.7,21.0,17.720833,0.320833,0.6375,0.023294
2020-07-08,9.9511365,19.0,18.3625,0.352381,0.533333,0.024529
2020-07-09,25.066666499999997,65.0,8.833333,0.270833,0.316667,0.032353
2020-07-10,22.868568500000002,41.0,9.483333,0.270833,0.308333,0.026118
2020-07-11,15.0666665,36.0,8.916667,0.275,0.339708,0.026765
2020-07-12,15.124722,30.0,6.770833,0.233333,0.258333,0.034588
2020-07-13,13.618749999999999,31.0,15.4375,0.295833,0.383333,0.032647
2020-07-14,14.1085785,19.0,11.391667,0.2375,0.490917,0.038857
2020-07-15,9.042262000000001,14.0,15.733333,0.258333,0.695833,0.038118
2020-07-16,10.6075755,26.0,10.175,0.319048,0.448,0.027941
2020-07-17,8.102083,28.0,9.179167,0.295833,0.452042,0.021
2020-07-18,5.9604165,21.0,8.2,0.2625,0.483,0.019353
2020-07-19,6.55625,26.0,5.708333,0.216667,0.425,0.021824
2020-07-20,6.438528,27.0,9.655556,0.270833,0.449591,0.030824
2020-07-21,11.2625,36.0,5.129167,0.308333,0.425,0.024882
2020-07-22,7.3020835,36.0,8.275,0.4,0.485,0.020824
2020-07-23,8.224185,23.0,8.314286,0.2,0.440889,0.019941
2020-07-24,7.535417,20.0,4.045833,0.2125,0.420792,0.023176
2020-07-25,6.697917,28.0,4.670833,0.2125,0.429167,0.035118
2020-07-26,8.8207235,18.0,3.233333,0.225,0.4125,0.028235
2020-07-27,16.4770835,51.0,14.95,0.2375,0.508625,0.024412
2020-07-28,19.48125,59.0,14.725,0.25,0.474667,0.018412
2020-07-29,12.369384,23.0,11.7875,0.241667,0.445833,0.021412
2020-07-30,9.2604165,28.0,11.216667,0.245833,0.425,0.016882
2020-07-31,16.0598485,51.0,9.966667,0.304167,0.415458,0.020059
2020-08-01,10.0979165,29.0,6.4125,0.204167,0.308333,0.020294
2020-08-02,6.543749999999999,12.0,3.2375,0.2,0.138708,0.016235
2020-08-03,7.4666665000000005,17.0,16.166667,0.208333,0.520167,0.019294
2020-08-04,10.701902,20.0,15.4625,0.266667,0.536458,0.017
2020-08-05,8.341666499999999,22.0,12.4125,0.341667,0.575,0.018765
2020-08-06,8.5916665,21.0,18.454167,0.391667,0.529875,0.021235
2020-08-07,15.029166499999999,31.0,15.408333,0.3875,0.695833,0.026706
2020-08-08,9.2854165,22.0,7.083333,0.320833,0.4375,0.020882
2020-08-09,7.1416665,18.0,6.004167,0.270833,0.4125,0.018941
2020-08-10,7.5958334999999995,22.0,9.178947,0.316667,0.441,0.020882
2020-08-11,7.1379529999999995,19.0,11.375,0.304167,0.391,0.022059
2020-08-12,7.0458335000000005,20.0,11.679167,0.322727,0.4625,0.018353
2020-08-13,6.6291665,22.0,11.220833,0.375,0.441667,0.019333
2020-08-14,9.1875,28.0,12.541667,0.358333,0.500375,0.020824
2020-08-15,8.664583499999999,24.0,12.579167,0.283333,0.558583,0.019706
2020-08-16,7.258333,15.0,10.429167,0.291667,0.658333,0.021059
2020-08-17,6.84375,16.0,16.458333,0.3125,0.491667,0.024882
2020-08-18,6.9030795000000005,15.0,15.483333,0.354167,0.5125,0.026588
2020-08-19,6.260636,17.0,16.45,0.331818,0.465429,0.029833
2020-08-20,12.257765500000001,36.0,17.2125,0.379167,0.65,0.018353
2020-08-21,18.6488095,52.0,13.366667,0.4125,0.573875,0.016353
2020-08-22,9.881863,36.0,7.725,0.275,0.4875,0.019941
2020-08-23,11.429166500000001,50.0,3.420833,0.25,0.333333,0.020647
2020-08-24,14.314583,86.0,4.2125,0.308333,0.320833,0.016059
2020-08-25,14.9854165,67.0,6.495833,0.275,0.34625,0.015
2020-08-26,7.143750000000001,26.0,9.208333,0.3,0.385167,0.019353
2020-08-27,6.7854165,23.0,12.4,0.270833,0.483125,0.018941
2020-08-28,8.572917,21.0,13.816667,0.283333,0.572083,0.015882
2020-08-29,7.3270835,18.0,9.058333,0.283333,0.458333,0.019647
2020-08-30,6.7729165,13.0,7.3875,0.283333,0.306583,0.018294
2020-08-31,6.6542895,13.0,14.0875,0.29,0.4455,0.018118
2020-09-01,7.5208335,15.0,12.366667,0.291667,0.620833,0.019588
2020-09-02,18.302083500000002,57.0,8.458333,0.308333,0.404167,0.015235
2020-09-03,26.4229165,88.0,9.294444,0.291667,0.420833,0.017824
2020-09-04,28.279166500000002,107.0,10.379167,0.283333,0.504917,0.019235
2020-09-05,19.610416999999998,43.0,8.766667,0.304167,0.491,0.018588
2020-09-06,12.764583,28.0,8.270833,0.266667,0.3875,0.018
2020-09-07,7.607575499999999,23.0,10.266667,0.270833,0.495417,0.022706
2020-09-08,6.054167,13.0,15.779167,0.258333,0.495833,0.024588
2020-09-09,5.525,12.0,18.9375,0.285714,0.577208,0.026118
2020-09-10,7.541667,20.0,15.554167,0.275,0.554167,0.013824
2020-09-11,5.6666665,15.0,9.554167,0.283333,0.416667,0.02
2020-09-12,6.6270835,30.0,6.7625,0.220833,0.305583,0.024941
2020-09-13,8.029166499999999,33.0,7.195833,0.279167,0.479083,0.017235
2020-09-14,7.6979165,22.0,13.658333,0.283333,0.548833,0.023471
2020-09-15,6.6625,13.0,13.0875,0.3,0.5375,0.019294
2020-09-16,6.423913000000001,12.0,12.820833,0.295833,0.533238,0.018706
2020-09-17,7.3134965,15.0,12.095833,0.3,0.429167,0.020235
2020-09-18,10.4354165,19.0,11.9125,0.320833,0.410208,0.017529
2020-09-19,10.212499999999999,15.0,11.008333,0.291667,0.4875,0.030529
2020-09-20,7.6333335,17.0,8.866667,0.320833,0.433333,0.033
2020-09-21,8.9875,49.0,9.4375,0.28,0.345833,0.037118
2020-09-22,8.4125,31.0,11.391667,0.308333,0.353875,0.040765
2020-09-23,7.6833335,26.0,17.854167,0.354167,0.461875,0.037824
2020-09-24,7.0145835,29.0,15.270833,0.291667,0.466667,0.026412
2020-09-25,9.1833335,23.0,15.258333,0.320833,0.4845,0.019588
2020-09-26,8.8104165,21.0,10.945833,0.3375,0.492042,0.019059
2020-09-27,7.664583,14.0,10.516667,0.329167,0.621458,0.028294
2020-09-28,7.675000000000001,12.0,14.03125,0.3,0.495833,0.021294
2020-09-29,6.1666665,12.0,13.766667,0.3,0.4875,0.020706
2020-09-30,7.560417,22.0,16.6125,0.308333,0.500458,0.026353
2020-10-01,6.105163,14.0,17.116667,0.316667,0.4375,0.023647
2020-10-02,6.71875,14.0,17.291667,0.3,0.463042,0.028765
2020-10-03,10.8270835,26.0,13.4375,0.3,0.619875,0.018941
2020-10-04,11.91875,54.0,5.4125,0.3,0.491667,0.017647
2020-10-05,8.3604165,23.0,9.333333,0.316667,0.433333,0.022
2020-10-06,7.05625,18.0,9.0875,0.3,0.417792,0.021059
2020-10-07,9.8367425,23.0,12.533333,0.329167,0.463,0.031765
2020-10-08,9.25,23.0,17.2,0.333333,0.5255,0.032706
2020-10-09,7.4625,19.0,12.4375,0.325,0.476,0.028706
2020-10-10,7.1625,26.0,12.0875,0.3,0.582625,0.029588
2020-10-11,7.5458335000000005,22.0,10.583333,0.35,0.495833,0.025824
2020-10-12,6.966667,16.0,16.3125,0.3,0.541667,0.024412
2020-10-13,8.514583,19.0,16.979167,0.333333,0.450833,0.035529
2020-10-14,8.42625,19.0,14.7625,0.316667,0.454167,0.031176
2020-10-15,6.6416664999999995,23.0,15.158333,0.3125,0.511667,0.021118
2020-10-16,5.979167,30.0,16.4,0.3,0.50525,0.024471
2020-10-17,7.3479165,22.0,10.2375,0.3,0.4875,0.036235
2020-10-18,6.141667,31.0,5.054167,0.320833,0.3625,0.025647
2020-10-19,6.5958334999999995,44.0,10.533333,0.31,0.366667,0.027941
2020-10-20,9.152083000000001,68.0,11.766667,0.304167,0.391667,0.028882
2020-10-21,8.4125,39.0,12.8125,0.3,0.283786,0.036412
2020-10-22,7.289583,27.0,14.729167,0.3,0.42375,0.035765
2020-10-23,7.385417,27.0,12.954167,0.3,0.466417,0.032941
2020-10-24,7.00625,20.0,10.220833,0.3,0.466667,0.025824
2020-10-25,5.9686595,22.0,10.679167,0.3,0.450417,0.023176
2020-10-26,8.95,23.0,13.9875,0.3125,0.504167,0.027647
2020-10-27,9.425,31.0,11.445833,0.304167,0.454917,0.028765
2020-10-28,9.2645835,38.0,8.895833,0.320833,0.46225,0.023176
2020-10-29,8.5583335,38.0,15.916667,0.316667,0.529792,0.022647
2020-10-30,8.545833,31.0,15.983333,0.325,0.539333,0.033882
2020-10-31,8.225,48.0,11.779167,0.3,0.475,0.034471
2020-11-01,8.3,52.0,9.658333,0.3,0.51075,0.023471
2020-11-02,9.7645835,48.0,11.979167,0.328571,0.429167,0.04375
2020-11-03,6.9458335,23.0,10.754167,0.366667,0.325,0.041176
2020-11-04,8.2645835,24.0,10.129167,0.358333,0.325,0.041
2020-11-05,10.2770835,34.0,9.283333,0.304167,0.352125,0.036235
2020-11-06,8.0,25.0,11.354167,0.308333,0.38,0.032588
2020-11-07,9.3895835,35.0,6.4,0.3125,0.295833,0.030235
2020-11-08,9.1770835,39.0,2.270833,0.3,0.191667,0.026882
2020-11-09,9.5958335,68.0,4.220833,0.316667,0.252167,0.021529
2020-11-10,9.1679925,62.0,10.033333,0.35,0.389542,0.025
2020-11-11,9.868749999999999,49.0,12.3375,0.325,0.421583,0.023882
2020-11-12,8.943750000000001,28.0,19.641667,0.304167,0.590167,0.023235
2020-11-13,9.83125,16.0,20.0375,0.341667,0.61175,0.030471
2020-11-14,8.1375,18.0,15.454167,0.3,0.7,0.028588
2020-11-15,6.2375,17.0,12.179167,0.316667,0.588,0.029353
2020-11-16,6.3520835,18.0,18.6875,0.357143,0.545833,0.027941
2020-11-17,7.3354165,18.0,16.108333,0.370833,0.370833,0.042294
2020-11-18,7.950725,29.0,12.420833,0.391667,0.338889,0.043765
2020-11-19,7.0552085,26.0,9.311111,0.383333,0.3375,0.041
2020-11-20,6.3270835000000005,22.0,11.904167,0.308333,0.370958,0.040176
2020-11-21,6.258333,17.0,9.241667,0.316667,0.435875,0.033765
2020-11-22,7.8291664999999995,20.0,13.766667,0.341667,0.508083,0.029824
2020-11-23,9.2386905,15.0,10.4375,0.329167,0.3375,0.030765
2020-11-24,8.0833335,19.0,14.3125,0.375,0.394125,0.039176
2020-11-25,8.8906705,29.0,15.616667,0.391667,0.430375,0.042059
2020-11-26,9.2699405,18.0,11.108333,0.341667,0.544708,0.041412
2020-11-27,8.647916500000001,11.0,20.616667,0.379167,0.605917,0.037235
2020-11-28,9.65,11.0,21.804167,0.395833,0.83575,0.034588
2020-11-29,7.0625,10.0,17.320833,0.391667,0.770833,0.036118
2020-11-30,7.251721,12.0,12.325,0.4,0.370833,0.032
2020-12-01,9.1145835,15.0,8.8375,0.458333,0.345833,0.033176
2020-12-02,7.0333334999999995,16.0,14.046667,0.420833,0.3625,0.041471
2020-12-03,6.543749999999999,14.0,17.161111,0.4125,0.439875,0.047471
2020-12-04,8.564402000000001,20.0,27.491667,0.429167,0.67175,0.041412
2020-12-05,9.9479165,15.0,21.508333,0.420833,0.7625,0.034471
2020-12-06,8.6729165,13.0,13.0875,0.375,0.493583,0.033882
2020-12-07,6.454451499999999,7.0,12.616667,0.370833,0.372222,0.034706
2020-12-08,10.398913,12.0,10.925,0.4375,0.3625,0.034882
2020-12-09,10.2145835,13.0,16.495833,0.470833,0.443478,0.031647
2020-12-10,17.9395835,17.0,28.491667,0.491667,0.666667,0.038647
2020-12-11,10.48125,14.0,18.6375,0.441667,0.454167,0.041909
2020-12-12,7.9375,12.0,17.191667,0.391667,0.628583,0.037412
2020-12-13,7.6166665,12.0,18.470833,0.420833,0.966667,0.033941
2020-12-14,7.7770835,10.0,13.629167,0.509524,0.504167,0.022588
2020-12-15,8.667803,14.0,16.125,0.4125,0.479583,0.024588
2020-12-16,7.7395835,15.0,15.008333,0.4,0.454238,0.022235
2020-12-17,9.2678445,14.0,12.170833,0.404167,0.329167,0.025294
2020-12-18,9.1727275,17.0,10.0375,0.429167,0.379167,0.031471
2020-12-19,9.443750000000001,16.0,17.25,0.416667,0.537417,0.046176
2020-12-20,10.662500000000001,19.0,16.079167,0.4125,0.704167,0.035471
2020-12-21,7.2125,13.0,13.695833,0.404167,0.375,0.032765
2020-12-22,9.443939,15.0,13.45,0.4125,0.404348,0.041059
2020-12-23,9.7107375,19.0,18.695833,0.404545,0.507333,0.042412
2020-12-24,8.241667,18.0,10.141667,0.4,0.479167,0.022412
2020-12-25,11.1263255,14.0,6.4625,0.408333,0.420833,0.035059
2020-12-26,11.4666665,15.0,9.93,0.5125,0.5875,0.037235
2020-12-27,6.5041665,8.0,9.664286,0.4375,0.404167,0.036353
2020-12-28,5.4625,10.0,12.670833,0.425,0.445833,0.040941
2020-12-29,5.810119,13.0,11.85,0.425,0.379167,0.042294
2020-12-30,8.066667,22.0,10.5625,0.425,0.355792,0.039176
2020-12-31,9.66875,26.0,7.791667,0.4,0.404167,0.036667
2021-01-01,11.787500000000001,26.0,6.291667,0.4,0.459833,0.034
2021-01-02,10.608333,24.0,12.725,0.395833,0.595833,0.035706
2021-01-03,9.433333000000001,18.0,10.320833,0.4125,0.554167,0.028882
2021-01-04,10.929166500000001,23.0,15.563636,0.570833,0.458333,0.033529
2021-01-05,11.838257500000001,16.0,17.570833,0.541667,0.527273,0.036529
2021-01-06,12.96875,16.0,30.716667,0.3,0.7,0.041294
2021-01-07,11.15625,15.0,23.282353,0.108333,0.7875,0.043765
2021-01-08,8.647917,17.0,10.9375,0.1,0.4,0.038059
2021-01-09,11.4583335,20.0,10.166667,0.170833,0.470833,0.033118
2021-01-10,10.3645835,14.0,12.991667,0.179167,0.4625,0.037176
2021-01-11,9.714583000000001,21.0,24.1125,0.117391,0.64625,0.036824
2021-01-12,11.116666500000001,17.0,22.116667,0.170833,0.8125,0.019471
2021-01-13,16.85322,20.0,14.538095,0.109091,0.520833,0.023294
2021-01-14,14.2895835,13.0,16.408333,0.054167,0.5,0.024
2021-01-15,12.216667000000001,16.0,20.683333,0.120833,0.529167,0.039176
2021-01-16,8.6747285,20.0,18.083333,0.0875,0.4125,0.037882
2021-01-17,9.235417,22.0,13.933333,0.079167,0.483333,0.040353
2021-01-18,11.520833,21.0,18.266667,0.15,0.545833,0.032
2021-01-19,10.3104165,15.0,23.7875,0.145833,0.604167,0.047
2021-01-20,10.783062000000001,13.0,28.277778,0.106667,0.604167,0.035
2021-01-21,12.197917,18.0,18.954167,0.157143,0.683333,0.046118
2021-01-22,13.157197,16.0,23.675,0.295833,0.629167,0.032118
2021-01-23,12.185416499999999,12.0,15.943478,0.225,0.63875,0.038294
2021-01-24,9.7979165,11.0,13.045833,0.175,0.716667,0.035588
2021-01-25,8.59375,13.0,22.179167,0.2,0.640292,0.033059
2021-01-26,8.9422345,15.0,22.391667,0.142857,0.990909,0.027118
2021-01-27,12.575,16.0,14.883333,0.327778,0.65,0.025118
2021-01-28,11.039583499999999,25.0,9.008333,0.0625,0.270833,0.037176
2021-01-29,7.5333334999999995,19.0,12.566667,0.079167,0.348167,0.039294
2021-01-30,7.075,15.0,12.691667,0.083333,0.461292,0.046588
2021-01-31,8.2166665,17.0,10.083333,0.045833,0.479167,0.037412
2021-02-01,10.541848,32.0,10.420833,0.020833,0.220833,0.037706
2021-02-02,8.115942,16.0,9.495833,0.058333,0.170833,0.042059
2021-02-03,12.177083499999998,21.0,18.725,0.17619,0.39713,0.037059
2021-02-04,13.3916665,19.0,27.458824,0.233333,0.616667,0.053
2021-02-05,12.0625,18.0,27.995833,0.1,0.791667,0.041176
2021-02-06,9.899999999999999,18.0,15.725,0.033333,0.6875,0.023471
2021-02-07,14.7458335,26.0,8.458333,0.025,0.316667,0.018
2021-02-08,13.6770835,24.0,15.770833,0.054167,0.699458,0.019235
2021-02-09,8.8583335,17.0,17.304167,0.041667,0.7,0.021294
2021-02-10,7.285417000000001,16.0,16.783333,0.013636,0.555583,0.023706
2021-02-11,7.6520835,19.0,14.6625,0.0,0.539292,0.020353
2021-02-12,9.1458335,19.0,16.308333,0.008333,0.640318,0.022706
2021-02-13,9.98125,20.0,10.8875,0.0,0.5945,0.021824
2021-02-14,10.489583,25.0,10.058333,0.0,0.566667,0.024588
2021-02-15,12.46875,31.0,16.379167,0.025,0.620833,0.024941
2021-02-16,12.5075185,21.0,13.25,0.016667,0.395833,0.027
2021-02-17,15.679167,25.0,14.604167,0.0,0.556792,0.023529
2021-02-18,11.664394,27.0,10.366667,0.008333,0.541667,0.020647
2021-02-19,11.983333,23.0,12.558333,0.020833,0.483333,0.021059
2021-02-20,7.9708334999999995,17.0,7.758333,0.0875,0.321375,0.042647
2021-02-21,8.458333,18.0,5.583333,0.129167,0.359458,0.043471
2021-02-22,8.91875,18.0,17.025,0.070833,0.493958,0.035647
2021-02-23,8.945833499999999,17.0,11.2875,0.063636,0.370833,0.038471
2021-02-24,9.056249999999999,17.0,20.458333,0.05,0.586917,0.028882
2021-02-25,11.239583499999998,17.0,18.75,0.058333,0.533333,0.048769
2021-02-26,9.90625,16.0,17.2375,0.083333,0.629167,0.025235
2021-02-27,7.331250000000001,19.0,8.179167,0.054167,0.508333,0.026706
2021-02-28,8.691667,21.0,6.504167,0.020833,0.444083,0.024294
2021-03-01,10.272538,24.0,14.6875,0.066667,0.525,0.025294
2021-03-02,11.0825755,22.0,16.7625,0.0875,0.525667,0.029412
2021-03-03,12.21875,18.0,9.716667,0.033333,0.2,0.026
2021-03-04,13.61875,15.0,10.8375,0.125,0.210542,0.041235
2021-03-05,12.2625,13.0,16.020833,0.154167,0.452375,0.049353
2021-03-06,10.9375,13.0,18.233333,0.104167,0.620833,0.040882
2021-03-07,10.633333499999999,16.0,7.2875,0.1,0.2625,0.046765
2021-03-08,9.5845235,17.0,12.458333,0.108333,0.353042,0.049294
2021-03-09,6.5625,21.0,13.541667,0.108333,0.368375,0.049176
2021-03-10,6.592613500000001,23.0,12.716667,0.120833,0.37375,0.046529
2021-03-11,7.4145835,23.0,13.458333,0.119048,0.398333,0.046588
2021-03-12,7.7261904999999995,18.0,16.5,0.104167,0.465458,0.047059
2021-03-13,7.8854165,15.0,15.45,0.116667,0.573708,0.046235
2021-03-14,8.945833499999999,16.0,15.875,0.091667,0.705958,0.040412
2021-03-15,8.69375,16.0,21.933333,0.178261,0.733333,0.044
2021-03-16,9.322917,22.0,18.122222,0.154167,0.543208,0.036471
2021-03-17,8.818750000000001,22.0,17.783333,0.108333,0.543864,0.032235
2021-03-18,13.470833500000001,37.0,16.1375,0.125,0.504167,0.032176
2021-03-19,11.10625,31.0,10.6625,0.1,0.2125,0.041588
2021-03-20,8.445833499999999,17.0,8.9625,0.158333,0.351125,0.045176
2021-03-21,6.81875,14.0,7.604167,0.120833,0.216667,0.039765
2021-03-22,6.4543479999999995,17.0,15.016667,0.105,0.313,0.042176
2021-03-23,10.314583500000001,17.0,19.754167,0.1375,0.470833,0.049471
2021-03-24,12.352083499999999,20.0,21.7625,0.216667,0.688625,0.033
2021-03-25,11.289583499999999,24.0,13.708333,0.208333,0.5625,0.022941
2021-03-26,8.3145835,20.0,13.45,0.204167,0.566125,0.026706
2021-03-27,6.6229165000000005,18.0,8.45,0.1,0.55,0.026059
2021-03-28,7.51875,18.0,7.525,0.1,0.495833,0.023118
2021-03-29,10.925,20.0,11.236842,0.129167,0.475,0.028765
2021-03-30,9.252083,31.0,11.0875,0.122727,0.444444,0.028647
2021-03-31,9.4333335,26.0,16.045833,0.158333,0.555042,0.022941
2021-04-01,8.2083335,17.0,15.275,0.108333,0.458333,0.042765
2021-04-02,8.910038,34.0,9.804167,0.128571,0.317208,0.052059
2021-04-03,7.566667000000001,19.0,8.8875,0.104167,0.394417,0.048176
2021-04-04,7.55625,19.0,8.216667,0.120833,0.449625,0.049765
2021-04-05,9.179166500000001,22.0,22.579167,0.145833,0.558333,0.051118
2021-04-06,9.9541665,20.0,24.741667,0.1625,0.543375,0.050529
2021-04-07,9.783333500000001,20.0,24.6625,0.216667,0.614083,0.054588
2021-04-08,10.4479165,19.0,24.6375,0.1625,0.579167,0.051176
2021-04-09,8.76875,18.0,21.4625,0.175,0.555083,0.041882
2021-04-10,9.7395835,20.0,11.954167,0.1,0.554167,0.034647
2021-04-11,9.8895835,20.0,9.529167,0.1,0.383333,0.037647
2021-04-12,8.119565,14.0,13.733333,0.1,0.319333,0.045313
2021-04-13,11.931249999999999,23.0,19.879167,0.195833,0.560667,0.059588
2021-04-14,10.064582999999999,24.0,22.2,0.108333,0.509208,0.051941
2021-04-15,9.4375,26.0,26.35,0.179167,0.566667,0.047882
2021-04-16,15.352083499999999,25.0,20.166667,0.215,0.479167,0.051824
2021-04-17,16.772917,25.0,10.483333,0.2125,0.320833,0.035588
2021-04-18,14.202083,25.0,9.729167,0.158333,0.491667,0.031529
2021-04-19,18.908333499999998,33.0,11.304167,0.145833,0.390909,0.026647
2021-04-20,17.3583335,35.0,10.591667,0.181818,0.325,0.020588
2021-04-21,14.627083500000001,22.0,12.266667,0.141667,0.308333,0.029941
2021-04-22,13.1104165,28.0,15.641667,0.225,0.400444,0.054765
2021-04-23,12.1145835,27.0,16.0375,0.131579,0.470083,0.047471
2021-04-24,11.8229165,27.0,10.666667,0.1,0.591542,0.022294
2021-04-25,12.156845,27.0,3.945833,0.129167,0.325,0.022294
2021-04-26,9.715720000000001,24.0,9.821053,0.1,0.36725,0.046417
2021-04-27,8.033333,19.0,14.816667,0.1625,0.413542,0.047176
2021-04-28,8.716666499999999,20.0,18.573913,0.1375,0.483,0.041059
2021-04-29,8.093116,20.0,16.479167,0.116667,0.542833,0.03
2021-04-30,8.8895835,19.0,16.345833,0.129167,0.466667,0.028412
2021-05-01,11.916667,21.0,8.258333,0.170833,0.37925,0.044059
2021-05-02,11.029166499999999,15.0,10.533333,0.125,0.520833,0.027765
2021-05-03,16.2883335,22.0,15.804167,0.131818,0.529167,0.02825
2021-05-04,16.0208335,20.0,15.858333,0.1125,0.535455,0.025706
2021-05-05,9.3339015,20.0,17.2375,0.125,0.545833,0.024
2021-05-06,10.641667,19.0,16.275,0.129167,0.4375,0.027647
2021-05-07,10.758712,20.0,10.804167,0.1,0.387417,0.050765
2021-05-08,7.7333335000000005,15.0,15.933333,0.170833,0.570833,0.055294
2021-05-09,7.96875,20.0,7.2875,0.1,0.4625,0.037471
2021-05-10,6.629891499999999,17.0,12.366667,0.113636,0.519083,0.021706
2021-05-11,8.0145835,17.0,12.991667,0.108333,0.504167,0.022412
2021-05-12,7.6854165000000005,18.0,14.1875,0.104167,0.520833,0.022882
2021-05-13,8.2958335,20.0,14.354167,0.1125,0.433333,0.036824
2021-05-14,7.8301134999999995,16.0,15.320833,0.1,0.441667,0.037059
2021-05-15,7.5145835,16.0,9.741667,0.1,0.4125,0.044529
2021-05-16,6.402082999999999,16.0,9.5375,0.125,0.454167,0.048118
2021-05-17,7.5583335,16.0,15.7125,0.166667,0.420833,0.046706
2021-05-18,8.35625,21.0,11.079167,0.108333,0.370368,0.041706
2021-05-19,9.4229165,25.0,10.9,0.1,0.366667,0.043059
2021-05-20,9.854167,28.0,10.804167,0.154167,0.345833,0.051882
2021-05-21,9.883333,27.0,12.708333,0.204167,0.388625,0.050353
2021-05-22,8.4375,21.0,8.679167,0.225,0.441667,0.044765
2021-05-23,7.9375,17.0,7.9875,0.170833,0.4385,0.043647
2021-05-24,8.3479165,16.0,19.416667,0.15,0.504167,0.047471
2021-05-25,11.1916665,19.0,16.825,0.15,0.46275,0.045882
2021-05-26,11.783333500000001,23.0,16.825,0.120833,0.507174,0.042824
2021-05-27,11.102083499999999,28.0,18.631579,0.1375,0.600333,0.043647
2021-05-28,10.8125,16.0,19.575,0.125,0.602167,0.035118
2021-05-29,9.514583,14.0,10.695833,0.154167,0.533333,0.03
2021-05-30,24.6791665,29.0,8.454167,0.125,0.502042,0.027118
2021-05-31,31.2333335,45.0,8.283333,0.1875,0.55,0.032588
2021-06-01,6.3334980000000005,12.0,16.016667,0.11875,0.511208,0.031471
2021-06-02,6.05,14.0,12.979167,0.091667,0.4875,0.024706
2021-06-03,7.74375,25.0,11.025,0.091667,0.483333,0.020529
2021-06-04,7.5291665000000005,17.0,12.966667,0.095833,0.584333,0.018765
2021-06-05,7.520833,19.0,8.375,0.1,0.533333,0.021294
2021-06-06,9.539583499999999,20.0,5.041667,0.1,0.454167,0.022
2021-06-07,8.7,27.0,9.670833,0.1,0.433333,0.027176
2021-06-08,8.163690500000001,24.0,10.725,0.1,0.425,0.029824
2021-06-09,6.620832999999999,22.0,10.354167,0.1,0.4664,0.026235
2021-06-10,7.964583,25.0,12.544444,0.1,0.520833,0.022941
2021-06-11,7.268750000000001,13.0,13.491667,0.1,0.550583,0.019235
2021-06-12,7.5916665000000005,12.0,9.7375,0.1,0.441667,0.023059
2021-06-13,8.214583000000001,10.0,6.320833,0.1,0.329167,0.020588
2021-06-14,15.570924,24.0,13.75,0.1,0.329167,0.019294
2021-06-15,21.061413,38.0,15.4125,0.1,0.427333,0.014882
2021-06-16,16.872917,30.0,20.316667,0.104167,0.7,0.016059
2021-06-17,12.6876605,22.0,17.229167,0.104167,0.642917,0.022941
2021-06-18,35.2958335,65.0,11.883333,0.1,0.577833,0.019529
2021-06-19,20.431612,55.0,8.333333,0.1,0.641667,0.015824
2021-06-20,11.2625,19.0,10.166667,0.1,0.553333,0.019529
2021-06-21,16.2979165,35.0,12.654167,0.1,0.705882,0.015941
2021-06-22,11.3020835,27.0,10.3,0.1,0.508333,0.020176
2021-06-23,8.3458335,15.0,16.094444,0.1,0.492708,0.025059
2021-06-24,8.575,15.0,14.155,0.1,0.5135,0.020059
2021-06-25,9.445833499999999,21.0,11.608333,0.1,0.546875,0.015941
2021-06-26,7.941667,15.0,7.4375,0.1,0.558333,0.019412
2021-06-27,9.7375,13.0,5.933333,0.125,0.441667,0.024375
2021-06-28,6.0395835,12.0,13.075,0.1,0.503833,0.02
2021-06-29,6.666667,15.0,14.7125,0.105556,0.525,0.018882
2021-06-30,7.154167,11.0,18.325,0.1,0.525292,0.017
2021-07-01,6.3104165000000005,13.0,18.128571,0.1,0.597,0.014824
2021-07-02,6.3145835,11.0,13.516667,0.108333,0.664706,0.019235
2021-07-03,7.7958335,14.0,8.8625,0.1,0.427583,0.024647
2021-07-04,23.431469,32.0,9.616667,0.1,0.708333,0.024
2021-07-05,9.5625,16.0,10.916667,0.1,0.520833,0.023176
2021-07-06,13.9166665,34.0,10.183333,0.483333,0.470542,0.018667
2021-07-07,8.845833500000001,21.0,12.57,0.429167,0.565292,0.021294
2021-07-08,9.416666500000002,16.0,11.345833,0.475,0.511417,0.019529
2021-07-09,13.611905,29.0,10.783333,0.479167,0.670833,0.020353
2021-07-10,15.30625,37.0,13.066667,0.420833,0.623625,0.020706
2021-07-11,11.0729165,24.0,7.154167,0.420833,0.520833,0.022941
2021-07-12,10.2151785,25.0,14.191667,0.4375,0.466667,0.025176
2021-07-13,13.008333,29.0,11.779167,0.459091,0.4607,0.022765
2021-07-14,11.224366,25.0,15.0,0.454167,0.513542,0.018529
2021-07-15,8.1041665,16.0,9.916667,0.404167,0.4625,0.018765
2021-07-16,6.9020835,13.0,10.75,0.4125,0.475292,0.020706
2021-07-17,7.2791665,13.0,9.633333,0.429167,0.521625,0.020882
2021-07-18,7.4145835,14.0,8.0625,0.420833,0.533333,0.020882
2021-07-19,6.6407609999999995,21.0,11.38,0.4375,0.491667,0.022294
2021-07-20,9.2691665,15.0,14.4,0.5,0.613167,0.013353
2021-07-21,11.399999999999999,25.0,16.625,0.508333,0.8,0.024118
2021-07-22,14.825000000000001,30.0,14.758333,0.45,0.5125,0.022706
2021-07-23,21.229166499999998,45.0,14.195833,0.416667,0.475,0.024176
2021-07-24,7.225,12.0,12.4875,0.379167,0.467083,0.027824
2021-07-25,9.29375,16.0,10.866667,0.370833,0.545833,0.026765
2021-07-26,9.718155,17.0,15.470833,0.425,0.625,0.022059
2021-07-27,11.977083499999999,18.0,16.758333,0.471429,0.504167,0.024471
2021-07-28,12.3,16.0,18.825,0.504167,0.602125,0.024059
2021-07-29,9.9789855,14.0,18.9875,0.4875,0.554167,0.025882
2021-07-30,9.535416999999999,19.0,15.491667,0.5,0.542458,0.022882
2021-07-31,8.3,15.0,12.241667,0.458333,0.616292,0.023
2021-08-01,8.535416999999999,15.0,10.3125,0.441667,0.604167,0.020529
2021-08-02,10.600000000000001,19.0,15.626316,0.620833,0.544444,0.024
2021-08-03,13.344507499999999,23.0,17.633333,0.604167,0.445833,0.025471
2021-08-04,10.997917,21.0,17.758333,0.7625,0.545917,0.025353
2021-08-05,7.8229165,16.0,18.058333,0.719048,0.616667,0.022353
2021-08-06,6.502083,14.0,14.5125,0.633333,0.54625,0.020706
2021-08-07,6.7270835,18.0,11.766667,0.575,0.591667,0.020118
2021-08-08,5.941667,11.0,11.716667,0.5125,0.57,0.026
2021-08-09,6.110417,10.0,13.3875,0.645833,0.491667,0.0222
2021-08-10,5.8015155,13.0,11.3875,0.595833,0.413333,0.022647
2021-08-11,5.63125,12.0,10.808333,0.55,0.429167,0.022235
2021-08-12,7.458712,17.0,9.070833,0.5625,0.375,0.019647
2021-08-13,7.029356,16.0,11.483333,0.425,0.399333,0.025647
2021-08-14,9.087499999999999,23.0,8.483333,0.370833,0.418292,0.022059
2021-08-15,7.706250000000001,18.0,6.341667,0.35,0.420833,0.021353
2021-08-16,6.5182065,14.0,11.875,0.516667,0.4875,0.017882
2021-08-17,7.320833,22.0,10.933333,0.408333,0.479167,0.019882
2021-08-18,14.241666500000001,36.0,9.633333,0.358333,0.452875,0.019176
2021-08-19,10.1520835,21.0,12.6625,0.354167,0.5125,0.022235
2021-08-20,6.2833334999999995,11.0,13.170833,0.395833,0.42975,0.026765
2021-08-21,7.0354165,12.0,11.554167,0.395833,0.539583,0.018294
2021-08-22,21.59375,61.0,8.608333,0.35,0.541667,0.018412
2021-08-23,28.4916665,77.0,12.391667,0.4,0.5375,0.023765
2021-08-24,25.8,76.0,12.595833,0.427273,0.459471,0.024353
2021-08-25,18.6519925,54.0,10.55,0.345833,0.375,0.032
2021-08-26,10.977083499999999,28.0,10.6125,0.320833,0.401292,0.019235
2021-08-27,6.6583334999999995,16.0,10.4,0.3625,0.432,0.022941
2021-08-28,10.149999999999999,26.0,7.666667,0.345833,0.46525,0.020941
2021-08-29,8.3625,14.0,6.825,0.341667,0.465542,0.022882
2021-08-30,7.793749999999999,13.0,15.794444,0.341667,0.458333,0.023471
2021-08-31,8.405357,15.0,19.333333,0.395833,0.442333,0.030765
2021-09-01,23.8445075,72.0,14.183333,0.3625,0.416667,0.023765
2021-09-02,23.6050725,54.0,12.65,0.391667,0.3375,0.020176
2021-09-03,15.0791665,31.0,16.833333,0.485714,0.242917,0.018357
2021-09-04,19.302083500000002,38.0,15.483333,0.866667,0.382917,0.025588
2021-09-05,12.366666500000001,25.0,13.691667,0.516667,0.347958,0.028176
2021-09-06,15.272917,40.0,11.845833,0.5125,0.35,0.028353
2021-09-07,15.739473499999999,45.0,18.4125,0.691667,0.38519,0.021765
2021-09-08,12.1861745,31.0,18.516667,0.816667,0.429167,0.020235
2021-09-09,16.6411765,41.0,14.4125,0.7875,0.437417,0.012625
2021-09-10,17.43125,45.0,14.475,0.670833,0.583333,0.028529
2021-09-11,16.26875,44.0,11.870833,0.570833,0.596417,0.027471
2021-09-12,11.0916665,26.0,7.4125,0.475,0.4625,0.021588
2021-09-13,7.517935,20.0,14.165,0.5375,0.499667,0.018471
2021-09-14,5.262499999999999,15.0,12.2,0.583333,0.482353,0.025471
2021-09-15,5.6520835,14.0,16.9875,0.716667,0.454167,0.024882
2021-09-16,6.447917,14.0,17.175,0.813043,0.486583,0.021235
2021-09-17,6.422537999999999,14.0,16.704167,0.7,0.541667,0.022412
2021-09-18,6.5125,16.0,13.845833,0.583333,0.415583,0.030647
2021-09-19,6.1270835,11.0,13.95,0.5125,0.416667,0.026
2021-09-20,7.0410984999999995,17.0,17.969231,0.716667,0.529833,0.019471
2021-09-21,6.48125,16.0,15.225,0.561905,0.4875,0.017059
2021-09-22,5.6678575,15.0,16.776471,0.541667,0.435458,0.015765
2021-09-23,6.1342105,17.0,17.375,0.836364,0.541667,0.021941
2021-09-24,5.3395835,15.0,21.4375,0.975,0.555917,0.03
2021-09-25,6.335417,14.0,18.954167,0.952632,0.48475,0.036235
2021-09-26,6.4708334999999995,15.0,11.425,0.25,0.475,0.045059
2021-09-27,6.664583,18.0,17.9,0.295833,0.445833,0.044647
2021-09-28,6.625,19.0,20.875,0.3,0.481542,0.045765
2021-09-29,6.99375,18.0,17.4125,0.291667,0.475,0.043059
2021-09-30,6.5020834999999995,18.0,15.9375,0.3375,0.475,0.036353
2021-10-01,6.7541665,21.0,19.379167,0.308333,0.501958,0.033
2021-10-02,6.3895835000000005,19.0,8.941667,0.279167,0.429167,0.045588
2021-10-03,5.4875,15.0,9.945833,0.3125,0.444417,0.043294
2021-10-04,6.445833,18.0,19.1875,0.3125,0.483333,0.038059
2021-10-05,6.412138000000001,21.0,19.654167,0.3625,0.545833,0.033706
2021-10-06,10.869696999999999,27.0,17.533333,0.404167,0.508333,0.028824
2021-10-07,20.216667,66.0,11.176923,0.4125,0.493167,0.021647
2021-10-08,14.993749999999999,42.0,21.925,0.458333,0.591667,0.023118
2021-10-09,11.9020835,31.0,15.95,0.404167,0.4025,0.018941
2021-10-10,7.3125,16.0,11.654167,0.404167,0.491667,0.032941
2021-10-11,7.393750000000001,16.0,24.295833,0.504167,0.591667,0.031471
2021-10-12,5.4166665,13.0,20.683333,0.5,0.5,0.033882
2021-10-13,7.402082999999999,23.0,20.7875,0.483333,0.492667,0.032294
2021-10-14,7.3958335,18.0,15.966667,0.466667,0.441667,0.026176
2021-10-15,6.05,17.0,14.375,0.458333,0.540043,0.034471
2021-10-16,8.068750000000001,15.0,16.5125,0.454167,0.5275,0.049235
2021-10-17,9.1583335,18.0,13.558333,0.475,0.520833,0.044765
2021-10-18,6.922917,24.0,12.308333,0.491667,0.368643,0.046765
2021-10-19,7.1520835,23.0,14.883333,0.5125,0.383333,0.045706
2021-10-20,6.9605075,22.0,11.46,0.508333,0.381958,0.043824
2021-10-21,7.572917,24.0,11.879167,0.557143,0.414333,0.037529
2021-10-22,6.5916665000000005,17.0,20.270833,0.545833,0.534542,0.026706
2021-10-23,5.8229165,15.0,11.041667,0.520833,0.475,0.028765
2021-10-24,5.572917,10.0,8.0875,0.5125,0.488,0.020824
2021-10-25,11.2083335,21.0,13.6375,0.591667,0.304167,0.021
2021-10-26,5.7979164999999995,14.0,13.416667,0.604167,0.15,0.022529
2021-10-27,6.4104165,15.0,16.316667,0.570833,0.237292,0.037
2021-10-28,8.908333500000001,20.0,15.229167,0.625,0.345833,0.022125
2021-10-29,7.335416499999999,26.0,21.041667,0.575,0.182417,0.044294
2021-10-30,6.9791665,22.0,22.016667,0.575,0.216667,0.040471
2021-10-31,6.6166665,14.0,15.2375,0.575,0.4185,0.039176
2021-11-01,7.9875,18.0,16.1625,0.583333,0.32,0.040375
2021-11-02,7.710416499999999,19.0,24.4625,0.6125,0.4,0.037471
2021-11-03,5.0375,14.0,25.458333,0.620833,0.491708,0.039647
2021-11-04,5.4125,12.0,21.666667,0.671429,0.533333,0.037765
2021-11-05,5.939583,11.0,20.891667,0.695833,0.522208,0.023353
2021-11-06,5.006061,9.0,16.379167,0.625,0.291667,0.034176
2021-11-07,4.5625,9.0,12.183333,0.608333,0.165167,0.034176
2021-11-08,7.0563405,17.0,14.3875,0.6625,0.2125,0.041118
2021-11-09,9.2041665,25.0,21.8,0.633333,0.365833,0.045
2021-11-10,7.5157609999999995,21.0,21.320833,0.717391,0.470833,0.041647
2021-11-11,6.61875,18.0,23.595833,0.8,0.469167,0.036353
2021-11-12,5.6,14.0,21.7,0.804167,0.401818,0.018706
2021-11-13,6.60625,17.0,19.504167,0.775,0.333333,0.032294
2021-11-14,8.9875,14.0,18.591667,0.741667,0.208333,0.035706
2021-11-15,8.2291665,19.0,16.3625,0.725,0.2862,0.036588
2021-11-16,6.302355,23.0,15.254167,0.752381,0.381458,0.044353
2021-11-17,6.925000000000001,22.0,17.166667,0.816667,0.412833,0.041647
2021-11-18,8.4625,25.0,17.070833,0.8375,0.445833,0.030647
2021-11-19,5.425,14.0,12.766667,0.820833,0.379167,0.033824
2021-11-20,5.6208335,18.0,7.0125,0.841667,0.304333,0.034294
2021-11-21,5.8458335,15.0,12.470833,0.841667,0.393,0.030588
2021-11-22,5.258333,15.0,18.772222,0.879167,0.295833,0.027176
2021-11-23,9.108333,17.0,11.870833,0.808333,0.2,0.037118
2021-11-24,7.2833334999999995,21.0,13.141667,0.754167,0.348125,0.043706
2021-11-25,6.870832999999999,17.0,18.933333,0.791667,0.523625,0.038176
2021-11-26,7.072917,15.0,22.329167,0.833333,0.391667,0.030353
2021-11-27,8.614583,16.0,18.833333,0.7875,0.308333,0.034882
2021-11-28,9.5416665,16.0,22.0125,0.7625,0.246917,0.039471
2021-11-29,9.141856,25.0,22.320833,0.833333,0.261792,0.032176
2021-11-30,8.5041665,20.0,24.679167,0.890909,0.507458,0.044824
2021-12-01,8.2332425,18.0,31.8,0.9375,0.742042,0.037706
2021-12-02,10.10625,25.0,34.715789,0.875,0.5375,0.038824
2021-12-03,10.195833499999999,20.0,24.616667,0.85,0.516042,0.042412
2021-12-04,10.6458335,22.0,30.2375,0.875,0.71775,0.042353
2021-12-05,8.6854165,15.0,21.670833,0.883333,0.791667,0.033882
2021-12-06,6.2979164999999995,15.0,21.508333,0.9625,0.676875,0.020235
2021-12-07,7.5958334999999995,20.0,34.76,0.866667,0.495833,0.039824
2021-12-08,9.125,21.0,26.770833,0.975,0.705882,0.032
2021-12-09,8.027083,17.0,25.979167,1.022727,0.647708,0.030824
2021-12-10,8.6104165,19.0,27.533333,0.979167,0.891667,0.036647
2021-12-11,7.061775000000001,14.0,18.041667,0.9875,0.633958,0.026412
2021-12-12,7.05779,13.0,16.7125,0.9,0.595833,0.034529
2021-12-13,8.5583335,20.0,17.866667,0.966667,0.450458,0.033294
2021-12-14,8.149185,22.0,19.583333,0.925,0.433333,0.031824
2021-12-15,6.4229164999999995,20.0,16.708333,0.941667,0.379167,0.033471
2021-12-16,7.275,25.0,17.729167,0.908333,0.386292,0.039706
2021-12-17,6.308333,20.0,17.679167,0.9375,0.445833,0.034235
2021-12-18,7.8916665,24.0,14.491667,1.008333,0.491167,0.031706
2021-12-19,8.4,19.0,12.633333,0.9875,0.391667,0.026529
2021-12-20,8.4104165,18.0,15.404167,0.9875,0.412583,0.030647
2021-12-21,7.7,15.0,13.6875,1.0,0.341667,0.027647
2021-12-22,7.387499999999999,15.0,19.029167,0.908333,0.221542,0.030353
2021-12-23,9.3295455,18.0,22.758333,0.8875,0.2875,0.035588
2021-12-24,26.693182,23.0,22.858333,0.875,0.531833,0.042294
2021-12-25,40.900000000000006,46.0,20.945833,0.933333,0.800583,0.039412
2021-12-26,11.8625,21.0,23.029167,0.966667,0.7645,0.034882
2021-12-27,8.9875,20.0,24.579167,0.805882,0.7375,0.042882
2021-12-28,8.2641875,21.0,27.979167,0.683333,0.816667,0.040647
2021-12-29,7.577083,17.0,24.183333,0.691667,0.665375,0.034059
2021-12-30,7.514583,16.0,23.5375,0.679167,0.804167,0.025706
2021-12-31,14.533333500000001,14.0,15.479167,0.5375,0.717125,0.02925
